{
  "version": 4,
  "config": {
    "h_crouch": 0.3100000023841858,
    "h_ext": 0.6600000262260437,
    "ratios": [
      0.0,
      0.25,
      0.5,
      0.75,
      1.0
    ],
    "w_len": 250.0,
    "w_pose": 900.0,
    "w_wheel_x": 10000.0,
    "w_wheel_x_mean": 3000.0,
    "w_knee_above_wheel": 800.0,
    "knee_above_margin": 0.0,
    "w_below": 400.0,
    "w_reg": 0.01,
    "n_starts": 32,
    "use_global_opt": false,
    "global_maxiter": 400,
    "global_popsize": 15,
    "global_tol": 0.0001,
    "global_seed": 1234,
    "w_jac_profile": 120.0,
    "w_jac_bounds": 120.0,
    "w_theta_span": 200.0,
    "w_theta_monotonic": 200.0,
    "jac_start": 0.18000000715255737,
    "jac_end": 0.3799999952316284,
    "jac_min": 0.07999999821186066,
    "jac_max": 0.6000000238418579,
    "theta_span_min": 1.0471975511965976,
    "theta_step_min": 0.02,
    "alpha_pose1_target": 2.0943951023931953,
    "w_theta_pose1": 500.0,
    "kc_min": 0.05000000074505806,
    "kc_max": 0.18000000715255737,
    "cw_hk_ratio_min": 0.9,
    "cw_hk_ratio_max": 1.1,
    "w_cw_hk_ratio": 600.0,
    "lc_hk_ratio_min": 1.0,
    "lc_hk_ratio_max": 1.2000000476837158,
    "w_lc_hk_ratio": 1200.0,
    "xbc_min": 0.10000000149011612,
    "w_xbc_min": 800.0,
    "w_bc_x": 0.01,
    "w_bc_y": 0.05,
    "bc_radius_max": 0.18000000715255737,
    "w_bc_radius": 800.0,
    "cross_min": 0.001,
    "w_no_cross": 200000.0,
    "max_angle_hkw": 2.8797932657906435,
    "w_angle_hkw": 800.0,
    "omega_max": 11.0
  }
}